pizza;Pepperoni Feast;Classic pepperoni pizza;15.5;Large;Meat Lovers;Pepperoni Feast
pizza;Hawaiian;Ham and Pineapple;16.5;Large;Specialty;Hawaiian
pizza;Deluxe;Pepperoni, Bacon, Mushrooms, Olives, Peppers, Onion;19.5;Large;Specialty;Deluxe
pizza;Meat Lovers;Pepperoni, Ham, Bacon;18.5;Large;Meat Lovers;Meat Lovers
pizza;Vegetarian;Mushrooms, Olives, Onion, Peppers, Tomato;19.5;Large;Vegetarian;Vegetarian
pizza;BBQ Chicken;Chicken, Red Onion, BBQ Sauce, Cheddar;19.5;Large;Specialty;BBQ Chicken
side;Caesar Salad;Fresh romaine with caesar dressing;2.29;Appetizer
side;Tossed Salad;Fresh garden salad;2.29;Appetizer
side;Coke;Assorted Pop (Can);1.35;Beverage
side;Orange Juice;Assorted Juice (Bottle);1.45;Beverage
side;Water;Water with or without ice;1.0;Beverage
pizza;Test Supreme;Test pizza;20.99;Large;Specialty;
side;Garlic Bread;Fresh baked;3.99;Appetizer
