Pepperoni Feast;Dough:1,Tomato Sauce:150,Mozzarella:200,Pepperoni:100
Hawaiian;Dough:1,Tomato Sauce:150,Mozzarella:200,Ham:100,Pineapple:80
Deluxe;Dough:1,Tomato Sauce:150,Mozzarella:200,Pepperoni:50,Bacon:50,Mushrooms:50,Olives:50,Peppers:50,Red Onion:50
Meat Lovers;Dough:1,Tomato Sauce:150,Mozzarella:200,Pepperoni:80,Ham:80,Bacon:80
Vegetarian;Dough:1,Tomato Sauce:150,Mozzarella:200,Mushrooms:60,Olives:60,Red Onion:60,Peppers:60,Tomato:60
Four Cheese;Dough:1,Tomato Sauce:150,Mozzarella:100,Cheddar:50,Parmesan:30,Gouda:20
