BOOK,111,Programming in C++,"Feb 2, 2023",HARDCOVER,Programming,Peter
BOOK,121,Advanced Programming in C++,"Jun 6, 2022",HARDCOVER,Programming,Lily
MOVIE,221,Star Wars,"May 25, 1977",Adventure,DVD,George Lucas,"Mark Hamill,Harrison Ford,Carrie Fisher",1977,
PERIODICAL,331,Wall Street Journal 167(15),"Oct 23, 2023",JOURNAL
PERIODICAL,332,Time 168(18),"Oct 26, 2023",MAGAZINE
ARTICLE,Elon Musk's Struggle for the Future of AI 1. Unfortunately,Walter Isaacson,"Oct 26, 2023",332
BOOK,150,Python for Beginners,"Jan 15, 2024",PAPERBACK,Programming,John Doe
MOVIE,230,The Matrix,"Mar 31, 1999",Science Fiction,BLU_RAY,The Wachowskis,"Keanu Reeves, Carrie-Anne Moss",1999,
PERIODICAL,350,Nature 500(1),"Jan 1, 2024",JOURNAL
ARTICLE,Climate Change Research,Dr. Emily Chen,"Jan 1, 2024",350
